<?xml version="1.0" encoding="utf-8"?>
<feed xmlns="http://www.w3.org/2005/Atom">
  <title>Big Data Technique Sharing Blog</title>
  
  <subtitle>毛嘟嘟是只猫</subtitle>
  <link href="/atom.xml" rel="self"/>
  
  <link href="http://yoursite.com/"/>
  <updated>2019-02-26T03:18:27.872Z</updated>
  <id>http://yoursite.com/</id>
  
  <author>
    <name>Anne</name>
    
  </author>
  
  <generator uri="http://hexo.io/">Hexo</generator>
  
  <entry>
    <title>&#39;python爬虫项目分享&#39;</title>
    <link href="http://yoursite.com/2019/02/26/python%E7%88%AC%E8%99%AB%E9%A1%B9%E7%9B%AE%E5%88%86%E4%BA%AB/"/>
    <id>http://yoursite.com/2019/02/26/python爬虫项目分享/</id>
    <published>2019-02-26T03:06:46.000Z</published>
    <updated>2019-02-26T03:18:27.872Z</updated>
    
    <summary type="html">
    
      
      
        
        
          &lt;p&gt;123&lt;/p&gt;

        
      
    
    </summary>
    
    
  </entry>
  
  <entry>
    <title>one</title>
    <link href="http://yoursite.com/2018/08/01/one/"/>
    <id>http://yoursite.com/2018/08/01/one/</id>
    <published>2018-08-01T13:49:40.000Z</published>
    <updated>2018-08-01T13:50:00.331Z</updated>
    
    <summary type="html">
    
      
      
        
        
          &lt;p&gt;one for
        
      
    
    </summary>
    
    
  </entry>
  
</feed>
